KEYS,en,es
OLD_MAN_NAME,Old Man,Viejo
OLD_MAN_INTRO,"Hello there little one. I have an inkling that you are not a typical cat. 
/pThis place is not as it seems. It is like a dream, but not a dream. A place where time and space dose not make any sence. 
/pIt is quite lonely here. Some people come and go. Other stay for a bit, but end up leaving. 
/pI might enjoy this place better if there was more variation of fish to keep me company. 
/pHere there is only gray and brown common carp most likely due to my failing imagination or other such factors. 
/pThis place is odd. Things from all over history appears around here. Maybe even things that never existed. 
/pThe issue is I am too old to go adventuring and this forest always explaining making locating anything difficult. 
/pIf you decide to go exploring these parts, then maybe you could do an old man a favor and keep an eye out for any kind of fish. 
/pYou do not need to bring it back. As long as you find your way back here I am sure those fishes will start appearing..","Hola, pequeñín. Tengo la sensación de que no eres un gato típico.
/pEste lugar no es lo que parece. Es como un sueño, pero no un sueño. Un lugar donde el tiempo y el espacio no tienen sentido.
/pEs bastante solitario aquí. Algunas personas vienen y van. Otras se quedan un rato, pero terminan marchándose.
/pTal vez disfrutaría más este lugar si hubiera mayor variedad de peces para hacerme compañía.
/pAquí solo hay carpas comunes grises y marrones, probablemente debido a mi imaginación fallida u otros factores.
/pEste lugar es extraño. Cosas de toda la historia aparecen por aquí. Tal vez incluso cosas que nunca existieron.
/pEl problema es que soy demasiado viejo para aventurarme y este bosque siempre cambia, lo que hace difícil encontrar cualquier cosa.
/pSi decides explorar estas tierras, tal vez podrías hacerle un favor a un viejo y estar atento a cualquier tipo de pez.
/pNo necesitas traerlo de vuelta. Mientras encuentres el camino de regreso aquí, estoy seguro de que esos peces empezarán a aparecer".
